Fecha,TMAX,TMIN,Prec
2024-01-01,28.8,18.6,0.0
2024-01-02,30.5,19.8,0.0
2024-01-03,30.1,18.0,0.0
2024-01-04,30.4,21.1,0.0
2024-01-05,31.9,22.4,0.0
2024-01-06,31.8,22.5,0.0
2024-01-07,31.4,20.6,16.0
2024-01-08,32.9,15.9,0.0
2024-01-09,33.9,19.0,0.0
2024-01-10,33.2,21.2,0.0
2024-01-11,31.5,21.2,0.0
2024-01-12,28.9,16.0,0.5
2024-01-13,31.5,18.5,0.0
2024-01-14,33.1,21.2,0.0
2024-01-15,31.7,13.6,16.0
2024-01-16,25.7,18.2,8.0
2024-01-17,30.2,16.7,0.0
2024-01-18,29.6,22.3,0.0
2024-01-19,31.6,20.6,0.0
2024-01-20,29.9,14.3,0.0
2024-01-21,28.6,13.2,0.0
2024-01-22,29.5,16.2,0.0
2024-01-23,29.5,17.8,0.0
2024-01-24,30.2,18.4,0.0
2024-01-25,31.6,18.3,0.0
2024-01-26,31.4,19.0,0.0
2024-01-27,31.6,20.2,0.0
2024-01-28,31.8,18.2,0.0
2024-01-29,33.5,18.8,0.0
2024-01-30,35.3,19.6,0.0
2024-01-31,36.9,20.7,0.0
2024-02-01,37.6,23.1,0.0
2024-02-02,37.5,26.5,0.0
2024-02-03,38.9,22.4,0.0
2024-02-04,31.0,18.6,0.0
2024-02-05,36.6,20.3,0.0
2024-02-06,38.3,26.3,0.0
2024-02-07,39.3,25.2,0.0
2024-02-08,36.2,27.3,4.5
2024-02-09,30.6,22.6,10.0
2024-02-10,32.0,23.2,0.0
2024-02-11,34.0,19.9,26.5
2024-02-12,27.9,19.9,9.75
2024-02-13,24.5,11.2,0.0
2024-02-14,25.3,12.8,0.0
2024-02-15,29.1,14.1,0.0
2024-02-16,30.3,16.9,0.0
2024-02-17,30.8,19.4,0.0
2024-02-18,31.0,20.7,0.0
2024-02-19,32.3,19.0,0.0
2024-02-20,32.8,17.5,0.0
2024-02-21,32.5,21.0,0.0
2024-02-22,32.6,21.1,0.25
2024-02-23,26.5,19.2,0.0
2024-02-24,30.2,18.2,0.0
2024-02-25,24.9,18.8,63.0
2024-02-26,25.8,19.6,11.0
2024-02-27,29.8,20.5,0.0
2024-02-28,32.1,18.7,0.0
2024-02-29,31.5,20.7,0.0
2024-03-01,31.9,19.1,0.0
2024-03-02,33.2,21.2,26.5
2024-03-03,26.7,15.0,0.0
2024-03-04,27.8,11.1,0.0
2024-03-05,26.4,12.4,0.0
2024-03-06,27.0,14.7,0.0
2024-03-07,29.8,16.4,0.0
2024-03-08,31.4,18.3,24.5
2024-03-09,30.6,19.9,0.25
2024-03-10,28.2,18.4,1.0
2024-03-11,27.8,21.0,2.5
2024-03-12,31.2,19.4,9.75
2024-03-13,27.0,21.5,75.75
2024-03-14,24.3,21.7,19.0
2024-03-15,26.9,18.9,13.25
2024-03-16,25.5,22.0,12.0
2024-03-17,27.9,20.2,0.0
2024-03-18,28.6,22.1,0.0
2024-03-19,30.4,22.3,4.5
2024-03-20,31.8,20.3,4.5
2024-03-21,22.3,12.0,0.0
2024-03-22,22.1,8.8,0.0
2024-03-23,24.8,14.8,0.0
2024-03-24,30.2,14.7,0.0
2024-03-25,29.7,15.3,0.0
2024-03-26,28.0,15.2,0.0
2024-03-27,28.8,17.5,0.0
2024-03-28,29.1,17.5,0.0
2024-03-29,28.1,16.9,0.0
2024-03-30,33.4,18.4,0.0
2024-03-31,26.8,18.3,7.5
2024-04-01,20.2,18.2,0.0
2024-04-02,21.2,12.5,0.0
2024-04-03,21.8,14.7,0.0
2024-04-04,23.1,11.6,0.0
2024-04-05,26.1,10.1,0.0
2024-04-06,26.4,12.7,0.0
2024-04-07,24.4,10.7,0.0
2024-04-08,25.1,11.7,0.0
2024-04-09,25.2,13.8,0.0
2024-04-10,26.0,14.0,0.0
2024-04-11,18.0,9.5,0.0
2024-04-12,19.1,13.6,0.0
2024-04-13,19.0,14.5,10.1
2024-04-14,23.0,14.5,33.7
2024-04-15,22.6,16.9,49.2
2024-04-16,21.2,14.3,0.0
2024-04-17,25.9,10.3,0.0
2024-04-18,26.9,11.1,0.0
2024-04-19,26.9,14.4,0.0
2024-04-20,27.4,16.1,0.0
2024-04-21,28.0,19.2,0.0
2024-04-22,26.7,19.8,4.0
2024-04-23,21.8,15.2,0.0
2024-04-24,22.1,7.3,0.0
2024-04-25,17.8,11.2,0.0
2024-04-26,20.4,14.9,0.0
2024-04-27,20.6,11.4,0.0
2024-04-28,19.7,5.4,0.0
2024-04-29,20.2,10.3,0.0
2024-04-30,24.7,15.8,0.0
2024-05-01,16.1,14.5,0.0
2024-05-02,16.6,9.9,0.0
2024-05-03,16.0,2.5,0.0
2024-05-04,18.6,7.1,0.0
2024-05-05,18.6,11.4,0.0
2024-05-06,19.6,16.7,9.2
2024-05-07,20.8,14.7,0.0
2024-05-08,17.9,9.7,0.0
2024-05-09,16.2,0.8,0.0
2024-05-10,17.5,5.4,0.0
2024-05-11,17.4,6.6,0.0
2024-05-12,16.4,8.6,0.0
2024-05-13,13.5,2.9,0.0
2024-05-14,14.5,0.9,0.0
2024-05-15,14.4,0.0,0.0
2024-05-16,16.4,4.4,0.0
2024-05-17,17.1,5.0,0.0
2024-05-18,14.4,2.6,0.0
2024-05-19,14.6,4.1,0.0
2024-05-20,16.4,6.0,0.0
2024-05-21,16.6,6.2,0.0
2024-05-22,13.5,11.2,0.0
2024-05-23,13.3,8.4,0.0
2024-05-24,11.3,8.0,0.0
2024-05-25,11.4,0.3,0.0
2024-05-26,9.7,0.3,0.0
2024-05-27,10.3,2.9,0.0
2024-05-28,13.2,1.4,0.0
2024-05-29,15.3,3.7,0.0
2024-05-30,15.9,8.5,0.0
2024-05-31,16.3,5.5,0.0
2024-06-01,22.2,10.5,0.0
2024-06-02,22.3,11.6,0.0
2024-06-03,13.7,1.6,0.0
2024-06-04,11.4,4.2,0.0
2024-06-05,15.6,10.8,0.0
2024-06-06,21.0,7.9,0.0
2024-06-07,25.0,14.1,0.0
2024-06-08,25.4,19.7,0.0
2024-06-09,26.8,16.2,0.0
2024-06-10,21.1,8.7,0.0
2024-06-11,16.7,10.4,0.0
2024-06-12,23.9,14.1,0.0
2024-06-13,28.0,21.7,0.0
2024-06-14,23.4,14.2,5.0
2024-06-15,21.8,6.7,0.0
2024-06-16,17.8,9.4,0.0
2024-06-17,18.9,2.6,0.75
2024-06-18,19.1,13.4,0.0
2024-06-19,20.4,10.6,0.0
2024-06-20,18.2,4.9,15.25
2024-06-21,19.2,14.2,1.0
2024-06-22,19.2,15.1,0.75
2024-06-23,15.1,7.5,0.0
2024-06-24,13.3,2.1,0.0
2024-06-25,11.3,4.8,1.0
2024-06-26,15.0,3.1,0.0
2024-06-27,20.1,6.7,0.0
2024-06-28,13.6,4.9,0.0
2024-06-29,11.3,-0.8,0.0
2024-06-30,16.1,-2.0,0.0
2024-07-01,20.6,1.4,0.0
2024-07-02,22.2,3.8,0.0
2024-07-03,13.8,4.7,0.0
2024-07-04,14.8,-0.9,0.0
2024-07-05,13.3,-3.3,0.0
2024-07-06,9.4,-5.5,0.0
2024-07-07,12.0,2.6,0.0
2024-07-08,10.4,-4.5,0.0
2024-07-09,10.8,-5.9,0.0
2024-07-10,11.0,-5.9,0.0
2024-07-11,13.1,-6.0,0.0
2024-07-12,15.0,-3.2,0.0
2024-07-13,14.8,-3.3,0.0
2024-07-14,14.1,-4.1,0.0
2024-07-15,17.7,5.1,0.0
2024-07-16,19.3,5.8,0.0
2024-07-17,20.1,5.6,0.0
2024-07-18,21.1,8.6,0.0
2024-07-19,15.8,10.5,0.0
2024-07-20,11.0,7.8,0.0
2024-07-21,15.3,10.1,0.0
2024-07-22,15.6,10.8,0.0
2024-07-23,17.7,10.0,0.0
2024-07-24,22.9,14.0,1.0
2024-07-25,24.4,6.3,0.0
2024-07-26,23.1,4.5,0.0
2024-07-27,21.8,2.7,0.0
2024-07-28,17.7,4.3,0.0
2024-07-29,13.7,0.2,0.0
2024-07-30,15.3,1.8,0.0
2024-07-31,17.6,8.0,0.0
2024-08-01,27.3,16.8,0.0
2024-08-02,32.8,23.4,10.5
2024-08-03,26.5,11.3,0.25
2024-08-04,18.6,6.5,0.0
2024-08-05,16.3,6.5,0.0
2024-08-06,16.2,13.1,0.0
2024-08-07,15.9,5.5,0.0
2024-08-08,9.4,4.5,2.0
2024-08-09,11.8,1.2,0.0
2024-08-10,18.7,-0.6,0.0
2024-08-11,16.8,6.0,0.0
2024-08-12,16.1,-1.3,0.0
2024-08-13,20.1,3.6,0.0
2024-08-14,20.1,4.7,0.0
2024-08-15,23.6,4.7,0.0
2024-08-16,15.7,8.5,0.0
2024-08-17,17.7,5.3,0.0
2024-08-18,17.6,5.3,0.0
2024-08-19,14.8,11.9,0.0
2024-08-20,12.8,7.5,4.25
2024-08-21,14.3,10.2,0.25
2024-08-22,10.3,7.6,0.0
2024-08-23,13.8,-0.2,0.0
2024-08-24,13.4,1.4,0.25
2024-08-25,16.4,-0.6,0.0
2024-08-26,16.4,2.4,0.0
2024-08-27,19.8,3.4,0.0
2024-08-28,20.5,2.8,0.0
2024-08-29,21.7,4.2,0.0
2024-08-30,13.8,10.2,43.25
2024-08-31,12.5,10.1,5.0
2024-09-01,18.2,7.1,0.0
2024-09-02,21.2,8.7,0.0
2024-09-03,19.8,9.6,0.0
2024-09-04,21.0,5.1,0.0
2024-09-05,19.6,1.3,0.0
2024-09-06,23.5,10.3,0.0
2024-09-07,24.9,5.9,0.0
2024-09-08,24.1,6.5,0.0
2024-09-09,19.3,9.7,0.0
2024-09-10,16.8,9.8,0.0
2024-09-11,20.4,11.2,0.0
2024-09-12,20.8,4.1,0.0
2024-09-13,22.0,4.3,0.0
2024-09-14,21.3,6.7,0.0
2024-09-15,21.4,5.5,0.0
2024-09-16,26.4,7.3,0.0
2024-09-17,24.7,12.2,0.0
2024-09-18,28.3,15.4,0.0
2024-09-19,28.3,17.4,2.5
2024-09-20,25.0,8.3,0.0
2024-09-21,26.5,13.5,0.0
2024-09-22,26.6,15.6,0.0
2024-09-23,23.4,12.2,0.25
2024-09-24,24.4,10.5,0.0
2024-09-25,22.2,10.9,0.0
2024-09-26,22.0,8.6,0.0
2024-09-27,22.3,4.7,0.0
2024-09-28,25.9,11.3,0.0
2024-09-29,29.9,14.9,0.0
2024-09-30,33.8,18.6,0.0
