Campana,Julian_days,Progreso
2025,1,0
2025,2,0
2025,3,0
2025,4,0
2025,5,0
2025,6,0
2025,7,0
2025,8,0
2025,9,0
2025,10,0
2025,11,0
2025,12,0
2025,13,0
2025,14,0
2025,15,0
2025,16,0
2025,17,0
2025,18,0
2025,19,0
2025,20,0
2025,21,0
2025,22,0
2025,23,0
2025,24,0
2025,25,0
2025,26,0
2025,27,0
2025,28,0
2025,29,0
2025,30,0
2025,31,0
2025,32,0
2025,33,0.00158098474966655
2025,34,0.00474295424899965
2025,35,0.00948590849799929
2025,36,0.0158098474966655
2025,37,0.0237147712449982
2025,38,0.0332006797429975
2025,39,0.0442675729906634
2025,40,0.0569154509879957
2025,41,0.0711443137349947
2025,42,0.0869541612316602
2025,43,0.104344993477992
2025,44,0.123316810473991
2025,45,0.143869612219656
2025,46,0.166003398714988
2025,47,0.189718169959986
2025,48,0.215013925954651
2025,49,0.241890666698982
2025,50,0.27034839219298
2025,51,0.297027509843603
2025,52,0.321928019650851
2025,53,0.345049921614724
2025,54,0.366393215735223
2025,55,0.385957902012346
2025,56,0.403743980446095
2025,57,0.419751451036469
2025,58,0.433980313783468
2025,59,0.446430568687092
2025,60,0.457102215747341
2025,61,0.465995254964215
2025,62,0.473109686337715
2025,63,0.478445509867839
2025,64,0.482002725554589
2025,65,0.483781333397964
2025,66,0.483781333397964
2025,67,0.485627696773752
2025,68,0.489320423525327
2025,69,0.494859513652689
2025,70,0.50224496715584
2025,71,0.511476784034778
2025,72,0.522554964289503
2025,73,0.535479507920017
2025,74,0.550250414926317
2025,75,0.566867685308406
2025,76,0.585331319066282
2025,77,0.603197624755827
2025,78,0.620466602377043
2025,79,0.637138251929929
2025,80,0.653212573414484
2025,81,0.668689566830709
2025,82,0.683569232178604
2025,83,0.697851569458169
2025,84,0.711536578669404
2025,85,0.724624259812308
2025,86,0.737114612886883
2025,87,0.749007637893127
2025,88,0.760303334831041
2025,89,0.771001703700625
2025,90,0.781102744501879
2025,91,0.790606457234802
2025,92,0.799512841899396
2025,93,0.807821898495659
2025,94,0.815533627023593
2025,95,0.822648027483196
2025,96,0.82980007076397
2025,97,0.836989756865914
2025,98,0.84421708578903
2025,99,0.851482057533317
2025,100,0.858784672098774
2025,101,0.866124929485402
2025,102,0.873502829693201
2025,103,0.880918372722171
2025,104,0.888371558572312
2025,105,0.895862387243624
2025,106,0.903390858736106
2025,107,0.91095697304976
2025,108,0.918560730184584
2025,109,0.926202130140579
2025,110,0.933881172917745
2025,111,0.941597858516082
2025,112,0.94935218693559
2025,113,0.957144158176268
2025,114,0.964286798480224
2025,115,0.970780107847456
2025,116,0.976624086277965
2025,117,0.98181873377175
2025,118,0.986364050328813
2025,119,0.990260035949152
2025,120,0.993506690632768
2025,121,0.996104014379661
2025,122,0.998052007189831
2025,123,0.999350669063277
2025,124,1
2025,125,1
2025,126,1
2025,127,1
2025,128,1
2025,129,1
2025,130,1
2025,131,1
2025,132,1
2025,133,1
2025,134,1
2025,135,1
2025,136,1
2025,137,1
2025,138,1
2025,139,1
2025,140,1
2025,141,1
2025,142,1
2025,143,1
2025,144,1
2025,145,1
2025,146,1
2025,147,1
2025,148,1
2025,149,1
2025,150,1
2025,151,1
2025,152,1
2025,153,1
2025,154,1
2025,155,1
2025,156,1
2025,157,1
2025,158,1
2025,159,1
2025,160,1
2025,161,1
2025,162,1
2025,163,1
2025,164,1
2025,165,1
2025,166,1
2025,167,1
2025,168,1
2025,169,1
2025,170,1
2025,171,1
2025,172,1
2025,173,1
2025,174,1
2025,175,1
2025,176,1
2025,177,1
2025,178,1
2025,179,1
2025,180,1
2025,181,1
2025,182,1
2025,183,1
2025,184,1
2025,185,1
2025,186,1
2025,187,1
2025,188,1
2025,189,1
2025,190,1
2025,191,1
2025,192,1
2025,193,1
2025,194,1
2025,195,1
2025,196,1
2025,197,1
2025,198,1
2025,199,1
2025,200,1
2025,201,1
2025,202,1
2025,203,1
2025,204,1
2025,205,1
2025,206,1
2025,207,1
2025,208,1
2025,209,1
2025,210,1
2025,211,1
2025,212,1
2025,213,1
2025,214,1
2025,215,1
2025,216,1
2025,217,1
2025,218,1
2025,219,1
2025,220,1
2025,221,1
2025,222,1
2025,223,1
2025,224,1
2025,225,1
2025,226,1
2025,227,1
2025,228,1
2025,229,1
2025,230,1
2025,231,1
2025,232,1
2025,233,1
2025,234,1
2025,235,1
2025,236,1
2025,237,1
2025,238,1
2025,239,1
2025,240,1
2025,241,1
2025,242,1
2025,243,1
2025,244,1
2025,245,1
2025,246,1
2025,247,1
2025,248,1
2025,249,1
2025,250,1
2025,251,1
2025,252,1
2025,253,1
2025,254,1
2025,255,1
2025,256,1
2025,257,1
2025,258,1
2025,259,1
2025,260,1
2025,261,1
2025,262,1
2025,263,1
2025,264,1
2025,265,1
2025,266,1
2025,267,1
2025,268,1
2025,269,1
2025,270,1
2025,271,1
2025,272,1
2025,273,1
2025,274,1
2025,275,1
2025,276,1
2025,277,1
2025,278,1
2025,279,1
2025,280,1
2025,281,1
2025,282,1
2025,283,1
2025,284,1
2025,285,1
2025,286,1
2025,287,1
2025,288,1
2025,289,1
2025,290,1
2025,291,1
2025,292,1
2025,293,1
2025,294,1
2025,295,1
2025,296,1
2025,297,1
2025,298,1
2025,299,1
2025,300,1
2025,301,1
2025,302,1
2025,303,1
2025,304,1
2025,305,1
2025,306,1
2025,307,1
2025,308,1
2025,309,1
2025,310,1
2025,311,1
2025,312,1
2025,313,1
2025,314,1
2025,315,1
2025,316,1
2025,317,1
2025,318,1
2025,319,1
2025,320,1
2025,321,1
2025,322,1
2025,323,1
2025,324,1
2025,325,1
2025,326,1
2025,327,1
2025,328,1
2025,329,1
2025,330,1
2025,331,1
2025,332,1
2025,333,1
2025,334,1
2025,335,1
2025,336,1
2025,337,1
2025,338,1
2025,339,1
2025,340,1
2025,341,1
2025,342,1
2025,343,1
2025,344,1
2025,345,1
2025,346,1
2025,347,1
2025,348,1
2025,349,1
2025,350,1
2025,351,1
2025,352,1
2025,353,1
2025,354,1
2025,355,1
2025,356,1
2025,357,1
2025,358,1
2025,359,1
2025,360,1
2025,361,1
2025,362,1
2025,363,1
2025,364,1
2025,365,1
2026,1,
2026,2,
2026,3,
2026,4,
2026,5,
2026,6,
2026,7,
2026,8,
2026,9,
2026,10,
2026,11,
2026,12,
2026,13,
2026,14,
2026,15,
2026,16,
2026,17,
2026,18,
2026,19,
2026,20,
2026,21,
2026,22,
2026,23,
2026,24,
2026,25,
2026,26,
2026,27,
2026,28,
2026,29,
2026,30,
2026,31,
2026,32,0
2026,33,0.0293286219081272
2026,34,0.0586572438162544
2026,35,0.0879858657243816
2026,36,0.117314487632509
2026,37,0.146643109540636
2026,38,0.175971731448763
2026,39,0.20530035335689
2026,40,0.234628975265018
2026,41,0.263957597173145
2026,42,0.293286219081272
2026,43,0.322614840989399
2026,44,0.351943462897526
2026,45,0.381272084805654
2026,46,0.410600706713781
2026,47,0.439929328621908
2026,48,0.469257950530035
2026,49,0.498586572438162
2026,50,0.52791519434629
2026,51,0.557243816254417
2026,52,0.586572438162544
2026,53,0.586572438162544
2026,54,0.586572438162544
2026,55,0.586572438162544
2026,56,0.586572438162544
2026,57,0.586572438162544
2026,58,0.586572438162544
2026,59,0.586572438162544
2026,60,0.586572438162544
2026,61,0.588060256648689
2026,62,0.589548075134834
2026,63,0.591035893620978
2026,64,0.592523712107123
2026,65,0.594011530593268
2026,66,0.595499349079412
2026,67,0.596987167565557
2026,68,0.598474986051702
2026,69,0.599962804537846
2026,70,0.601450623023991
2026,71,0.602938441510136
2026,72,0.60442625999628
2026,73,0.605914078482425
2026,74,0.60740189696857
2026,75,0.608889715454714
2026,76,0.610377533940859
2026,77,0.611865352427004
2026,78,0.613353170913149
2026,79,0.614840989399293
2026,80,0.63886925795053
2026,81,0.662897526501767
2026,82,0.686925795053003
2026,83,0.71095406360424
2026,84,0.734982332155477
2026,85,0.759010600706714
2026,86,0.78303886925795
2026,87,0.807067137809187
2026,88,0.831095406360424
2026,89,0.855123674911661
2026,90,0.879151943462897
2026,91,0.903180212014134
2026,92,0.927208480565371
2026,93,0.951236749116608
2026,94,0.975265017667844
2026,95,0.975265017667844
2026,96,0.975265017667844
2026,97,0.975265017667844
2026,98,0.975265017667844
2026,99,0.975265017667844
2026,100,0.975265017667844
2026,101,0.975265017667844
2026,102,0.975265017667844
2026,103,0.975265017667844
2026,104,0.975265017667844
2026,105,0.975265017667844
2026,106,0.975265017667844
2026,107,0.975265017667844
2026,108,0.975896012115093
2026,109,0.976527006562342
2026,110,0.977158001009591
2026,111,0.97778899545684
2026,112,0.978419989904089
2026,113,0.979050984351338
2026,114,0.979681978798587
2026,115,0.980312973245835
2026,116,0.980943967693084
2026,117,0.981574962140333
2026,118,0.982205956587582
2026,119,0.982836951034831
2026,120,0.98346794548208
2026,121,0.984098939929329
2026,122,0.984098939929329
2026,123,0.984098939929329
2026,124,0.984098939929329
2026,125,0.984098939929329
2026,126,0.984098939929329
2026,127,0.984098939929329
2026,128,0.984098939929329
2026,129,0.984098939929329
2026,130,0.984098939929329
2026,131,0.984098939929329
2026,132,0.984098939929329
2026,133,0.984098939929329
2026,134,0.984098939929329
2026,135,0.984098939929329
2026,136,0.984098939929329
2026,137,0.984651060070671
2026,138,0.985203180212014
2026,139,0.985755300353357
2026,140,0.9863074204947
2026,141,0.986859540636042
2026,142,0.987411660777385
2026,143,0.987963780918728
2026,144,0.988515901060071
2026,145,0.989068021201413
2026,146,0.989620141342756
2026,147,0.990172261484099
2026,148,0.990724381625442
2026,149,0.991276501766785
2026,150,0.991828621908127
2026,151,0.99238074204947
2026,152,0.992932862190813
2026,153,0.993311458859162
2026,154,0.993690055527511
2026,155,0.994068652195861
2026,156,0.99444724886421
2026,157,0.994825845532559
2026,158,0.995204442200909
2026,159,0.995583038869258
2026,160,0.995961635537607
2026,161,0.996340232205957
2026,162,0.996718828874306
2026,163,0.997097425542655
2026,164,0.997476022211005
2026,165,0.997854618879354
2026,166,0.998233215547703
2026,167,0.998343639575972
2026,168,0.99845406360424
2026,169,0.998564487632509
2026,170,0.998674911660777
2026,171,0.998785335689046
2026,172,0.998895759717314
2026,173,0.999006183745583
2026,174,0.999116607773852
2026,175,0.99922703180212
2026,176,0.999337455830389
2026,177,0.999447879858657
2026,178,0.999558303886926
2026,179,0.999668727915194
2026,180,0.999779151943463
2026,181,0.999889575971731
2026,182,1
2026,183,1
2026,184,1
2026,185,1
2026,186,1
2026,187,1
2026,188,1
2026,189,1
2026,190,1
2026,191,1
2026,192,1
2026,193,1
2026,194,1
2026,195,1
2026,196,1
2026,197,1
2026,198,1
2026,199,1
2026,200,1
2026,201,1
2026,202,1
2026,203,1
2026,204,1
2026,205,1
2026,206,1
2026,207,1
2026,208,1
2026,209,1
2026,210,1
2026,211,1
2026,212,1
2026,213,1
2026,214,1
2026,215,1
2026,216,1
2026,217,1
2026,218,1
2026,219,1
2026,220,1
2026,221,1
2026,222,1
2026,223,1
2026,224,1
2026,225,1
2026,226,1
2026,227,1
2026,228,1
2026,229,1
2026,230,1
2026,231,1
2026,232,1
2026,233,1
2026,234,1
2026,235,1
2026,236,1
2026,237,1
2026,238,1
2026,239,1
2026,240,1
2026,241,1
2026,242,1
2026,243,1
2026,244,1
2026,245,1
2026,246,1
2026,247,1
2026,248,1
2026,249,1
2026,250,1
2026,251,1
2026,252,1
2026,253,1
2026,254,1
2026,255,1
2026,256,1
2026,257,1
2026,258,1
2026,259,1
2026,260,1
2026,261,1
2026,262,1
2026,263,1
2026,264,1
2026,265,1
2026,266,1
2026,267,1
2026,268,1
2026,269,1
2026,270,1
2026,271,1
2026,272,1
2026,273,1
2026,274,1
2026,275,1
2026,276,1
2026,277,1
2026,278,1
2026,279,1
2026,280,1
2026,281,1
2026,282,1
2026,283,1
2026,284,1
2026,285,1
2026,286,1
2026,287,1
2026,288,1
2026,289,1
2026,290,1
2026,291,1
2026,292,1
2026,293,1
2026,294,1
2026,295,1
2026,296,1
2026,297,1
2026,298,1
2026,299,1
2026,300,1
2026,301,1
2026,302,1
2026,303,1
2026,304,1
2026,305,1
2026,306,1
2026,307,1
2026,308,1
2026,309,1
2026,310,1
2026,311,1
2026,312,1
2026,313,1
2026,314,1
2026,315,1
2026,316,1
2026,317,1
2026,318,1
2026,319,1
2026,320,1
2026,321,1
2026,322,1
2026,323,1
2026,324,1
2026,325,1
2026,326,1
2026,327,1
2026,328,1
2026,329,1
2026,330,1
2026,331,1
2026,332,1
2026,333,1
2026,334,1
2026,335,1
2026,336,1
2026,337,1
2026,338,1
2026,339,1
2026,340,1
2026,341,1
2026,342,1
2026,343,1
2026,344,1
2026,345,1
2026,346,1
2026,347,1
2026,348,1
2026,349,1
2026,350,1
2026,351,1
2026,352,1
2026,353,1
2026,354,1
2026,355,1
2026,356,1
2026,357,1
2026,358,1
2026,359,1
2026,360,1
2026,361,1
2026,362,1
2026,363,1
2026,364,1
2026,365,1
